﻿{"computers":[{"Properties":{"objectsid":"S-1-5-21-3072663084-364016917-1341370565-1103","highvalue":false,"domain":"HTB.LOCAL","enabled":true,"unconstraineddelegation":false,"lastlogon":1569279580,"pwdlastset":1568804792,"serviceprincipalnames":["IMAP/EXCH01","IMAP/EXCH01.htb.local","IMAP4/EXCH01","IMAP4/EXCH01.htb.local","POP/EXCH01","POP/EXCH01.htb.local","POP3/EXCH01","POP3/EXCH01.htb.local","exchangeRFR/EXCH01","exchangeRFR/EXCH01.htb.local","exchangeAB/EXCH01","exchangeAB/EXCH01.htb.local","exchangeMDB/EXCH01","exchangeMDB/EXCH01.htb.local","SMTP/EXCH01","SMTP/EXCH01.htb.local","SmtpSvc/EXCH01","SmtpSvc/EXCH01.htb.local","WSMAN/EXCH01","WSMAN/EXCH01.htb.local","RestrictedKrbHost/EXCH01","HOST/EXCH01","RestrictedKrbHost/EXCH01.htb.local","HOST/EXCH01.htb.local"],"operatingsystem":"Windows Server 2016 Standard","description":null},"Name":"EXCH01.HTB.LOCAL","PrimaryGroup":"DOMAIN COMPUTERS@HTB.LOCAL","LocalAdmins":[],"RemoteDesktopUsers":[],"DcomUsers":null,"AllowedToDelegate":[],"Aces":null},{"Properties":{"objectsid":"S-1-5-21-3072663084-364016917-1341370565-1000","highvalue":false,"domain":"HTB.LOCAL","enabled":true,"unconstraineddelegation":true,"lastlogon":1584118586,"pwdlastset":1584114992,"serviceprincipalnames":["TERMSRV/FOREST","TERMSRV/FOREST.htb.local","exchangeAB/FOREST","exchangeAB/FOREST.htb.local","Dfsr-12F9A27C-BF97-4787-9364-D31B6C55EB04/FOREST.htb.local","ldap/FOREST.htb.local/ForestDnsZones.htb.local","ldap/FOREST.htb.local/DomainDnsZones.htb.local","DNS/FOREST.htb.local","GC/FOREST.htb.local/htb.local","RestrictedKrbHost/FOREST.htb.local","RestrictedKrbHost/FOREST","RPC/236ba33a-7959-4a41-b959-5f82689a0871._msdcs.htb.local","HOST/FOREST/HTB","HOST/FOREST.htb.local/HTB","HOST/FOREST","HOST/FOREST.htb.local","HOST/FOREST.htb.local/htb.local","E3514235-4B06-11D1-AB04-00C04FC2DCD2/236ba33a-7959-4a41-b959-5f82689a0871/htb.local","ldap/FOREST/HTB","ldap/236ba33a-7959-4a41-b959-5f82689a0871._msdcs.htb.local","ldap/FOREST.htb.local/HTB","ldap/FOREST","ldap/FOREST.htb.local","ldap/FOREST.htb.local/htb.local"],"operatingsystem":"Windows Server 2016 Standard","description":null},"Name":"FOREST.HTB.LOCAL","PrimaryGroup":"DOMAIN CONTROLLERS@HTB.LOCAL","LocalAdmins":[{"Name":"ADMINISTRATOR@HTB.LOCAL","Type":"User"},{"Name":"ENTERPRISE ADMINS@HTB.LOCAL","Type":"Group"},{"Name":"DOMAIN ADMINS@HTB.LOCAL","Type":"Group"}],"RemoteDesktopUsers":[],"DcomUsers":[],"AllowedToDelegate":[],"Aces":null}],"meta":{"count":2,"type":"computers"}}