﻿{"gpos":[{"Properties":{"highvalue":false,"name":"DEFAULT DOMAIN CONTROLLERS POLICY@HTB.LOCAL","domain":"HTB.LOCAL","objectid":"3CF0DAF2-552D-4314-AA17-5DFD380449CD","distinguishedname":"CN={6AC1786C-016F-11D2-945F-00C04fB984F9},CN=Policies,CN=System,DC=htb,DC=local","description":null,"gpcpath":"\\\\htb.local\\sysvol\\htb.local\\Policies\\{6AC1786C-016F-11D2-945F-00C04fB984F9}"},"ObjectIdentifier":"3CF0DAF2-552D-4314-AA17-5DFD380449CD","Aces":[{"PrincipalSID":"S-1-5-21-3072663084-364016917-1341370565-512","PrincipalType":"Group","RightName":"Owner","AceType":"","IsInherited":false},{"PrincipalSID":"S-1-5-21-3072663084-364016917-1341370565-512","PrincipalType":"Group","RightName":"WriteDacl","AceType":"","IsInherited":false},{"PrincipalSID":"S-1-5-21-3072663084-364016917-1341370565-512","PrincipalType":"Group","RightName":"WriteOwner","AceType":"","IsInherited":false},{"PrincipalSID":"S-1-5-21-3072663084-364016917-1341370565-512","PrincipalType":"Group","RightName":"GenericWrite","AceType":"","IsInherited":false},{"PrincipalSID":"S-1-5-21-3072663084-364016917-1341370565-519","PrincipalType":"Group","RightName":"WriteDacl","AceType":"","IsInherited":false},{"PrincipalSID":"S-1-5-21-3072663084-364016917-1341370565-519","PrincipalType":"Group","RightName":"WriteOwner","AceType":"","IsInherited":false},{"PrincipalSID":"S-1-5-21-3072663084-364016917-1341370565-519","PrincipalType":"Group","RightName":"GenericWrite","AceType":"","IsInherited":false}]},{"Properties":{"highvalue":false,"name":"DEFAULT DOMAIN POLICY@HTB.LOCAL","domain":"HTB.LOCAL","objectid":"F380F749-2688-4CE4-9E9A-5C04251AF5BC","distinguishedname":"CN={31B2F340-016D-11D2-945F-00C04FB984F9},CN=Policies,CN=System,DC=htb,DC=local","description":null,"gpcpath":"\\\\htb.local\\sysvol\\htb.local\\Policies\\{31B2F340-016D-11D2-945F-00C04FB984F9}"},"ObjectIdentifier":"F380F749-2688-4CE4-9E9A-5C04251AF5BC","Aces":[{"PrincipalSID":"S-1-5-21-3072663084-364016917-1341370565-512","PrincipalType":"Group","RightName":"Owner","AceType":"","IsInherited":false},{"PrincipalSID":"S-1-5-21-3072663084-364016917-1341370565-512","PrincipalType":"Group","RightName":"WriteDacl","AceType":"","IsInherited":false},{"PrincipalSID":"S-1-5-21-3072663084-364016917-1341370565-512","PrincipalType":"Group","RightName":"WriteOwner","AceType":"","IsInherited":false},{"PrincipalSID":"S-1-5-21-3072663084-364016917-1341370565-512","PrincipalType":"Group","RightName":"GenericWrite","AceType":"","IsInherited":false},{"PrincipalSID":"S-1-5-21-3072663084-364016917-1341370565-519","PrincipalType":"Group","RightName":"WriteDacl","AceType":"","IsInherited":false},{"PrincipalSID":"S-1-5-21-3072663084-364016917-1341370565-519","PrincipalType":"Group","RightName":"WriteOwner","AceType":"","IsInherited":false},{"PrincipalSID":"S-1-5-21-3072663084-364016917-1341370565-519","PrincipalType":"Group","RightName":"GenericWrite","AceType":"","IsInherited":false}]}],"meta":{"count":2,"type":"gpos","version":3}}